2nh8t17awcyd,m95rorrx1snw,82gjybje3mcx,u9lje2enabqp,2022-07-01 16:46:36
hw9nmnx31a0b,4i6v8ar1y4uf,cp0lmub91fxz,jeot4fat1rfn,2022-07-01 16:46:36
7hteb93wa6c5,masldidcj5f3,b16k47yf9jdo,znrn6mt70f8q,2022-07-01 16:46:36
ht1m708m5jr9,6kri1eg5z9hf,5d2d5pujbk8p,jvq6focxcbl0,2022-07-01 16:46:36
rkpdv33m9qil,fncqvg7x07tf,odikqoew5nca,dbwf3jrdd1ia,2022-07-01 16:46:36
zptjktl2lemu,orh6poddu7rn,wlfel848bt0d,w03yixeams01,2022-07-01 16:46:36
nmawuwb4zkwb,ejfntgzivbfx,wrs8ns4mb13b,xj96cu1z1vtz,2022-07-01 16:46:36
raritthixvpq,sc595r1vtqx2,o3ftmfyottdc,a82j5o9e1gsq,2022-07-01 16:46:36
ckapqrs1ngui,e07kyv0qxcye,zw12x9gs3m3a,828yqe1bktdy,2022-07-01 16:46:36
7ruaqjwmrrrx,bn4l6odb1a06,g0wblo8lr8qp,6n3szmq7es2s,2022-07-01 16:46:36
80ascazv9eug,5qaducoc3lbs,bun975629i4r,d72gweutf97w,2022-07-01 16:46:36
ia3w8nwav5ao,az95hteji876,2uhprtv1w9p9,01mioxn6pgfj,2022-07-01 16:46:36
0c7vg46y1jp3,o3hlm36s09nh,2xe1th176ryu,oxek158ild6h,2022-07-01 16:46:36
ozxd91l8vjqk,np5cnarb78nl,gs0w04zp89ha,0409r17jkinw,2022-07-01 16:46:36
669def06kavd,k9cke73waru3,dzjqc12k7oom,nw72hw4bqwtc,2022-07-01 16:46:36
grg3mui6rzbg,czf1zhap9rfr,w6b5m5u5njp2,z5ly1zp6pd68,2022-07-01 16:46:36
2p0u53za4y2u,7ecikptokrsz,k2kiz1rz6flx,6orork87gddp,2022-07-01 16:46:36
o4s0ezufr2ar,mkhsrj21xxup,bfw54wxeu9j4,iuveralc8bz5,2022-07-01 16:46:36
oh45wwr6oc8f,4xwdmgkrfmfa,kd999qb15dah,7df0bv03ipw1,2022-07-01 16:46:36
l4iyrav03vy2,d7z1v0d9m0yo,nfb906f64vip,ma0fdt2tz6rt,2022-07-01 16:46:36
dfpth7o14git,t3l842ijd2tp,wjwl00fd7qqt,e49dfak95j9e,2022-07-01 16:46:36
li13zqr3ej0u,v0wau8nc9h5o,3vm4vy3liw8n,m2fykdn2qxdc,2022-07-01 16:46:36
x46svmitdmjk,aagas9nh5e1l,ue2hhyr168lb,tkj6jlmgnoqo,2022-07-01 16:46:36
i7zc5j2i82fw,kdctvcm2nbhi,hfi9neg85s08,u8fk137a4stt,2022-07-01 16:46:36
fhag5dvd1tc1,c2x7uoac4jlo,q083dhlq796q,5tk2mduey8ux,2022-07-01 16:46:36
2e3l4neczjds,87fv6db8uwww,dqfntrmcwryv,0dutz5ur5b0t,2022-07-01 16:46:36
8loeun1rsz09,26gx5p8glvp1,cfth06r4axzu,4iz5d430y85v,2022-07-01 16:46:36
vfura3i01rhz,920bum0isqcr,yfpkwyqy79dg,4e6df1x0zpuv,2022-07-01 16:46:36
4594uf8667f2,8ywwy659d1i9,172flbb96utq,a167fr95e52f,2022-07-01 16:46:36
sa10y6ln09d0,0yl5mlqxspbu,gqmvdlgqks5v,z77xenzeqes2,2022-07-01 16:46:36
bn069zxazc34,e4xxuwhj1n7z,qvxl2k3its97,28h2ieu2crs9,2022-07-01 16:46:36
jz13kudzul2h,793dwbh0a4vs,ed1q1w28uxnh,42a25qabiwu2,2022-07-01 16:46:36
iqpxjooisgrg,ifpe3a8su4vw,ykepp0l94wfr,lwxs4umjq66u,2022-07-01 16:46:36
2jcpbsbfvfof,5ragp99r5s3l,e7eggve1b3r9,fa8xxd4adksl,2022-07-01 16:46:36
n9qdy2orwo6q,wtvv0p2i00cr,m9ot8hfkj89d,lyftnsywqk92,2022-07-01 16:46:36
e7vpdknig2mo,3afh69ht1orf,r77h9iqvf9l4,4gbwy54ligse,2022-07-01 16:46:36
rfbvz7poedog,tvn1jg4zucck,w62h8m5yhsw5,l41sinb1ckdc,2022-07-01 16:46:36
xaowoglt7qud,vptsrb95xv25,qpofm7qco5v2,hxtohh16hoor,2022-07-01 16:46:36
yfuyzj4gnrme,0uxi61lv8tx7,m00css4ch9hu,pupl6wwk9f50,2022-07-01 16:46:36
j25dy4dwztbd,7xqokj4tpqcu,kcfld8sin3t4,2qdc1l3oh6y1,2022-07-01 16:46:36
3s832qnio5b6,w7nx6czmc7gu,pvf1zvkn6l1j,g6m7ubxjg3by,2022-07-01 16:46:36
uwkcpiruumez,c6ihcxfm78kj,0lnpsb1h4duf,uh6qg7qcuwcv,2022-07-01 16:46:36
rww8f0pcl5r8,rvk9rzfgg64d,sa9b0qorkuld,guugr5ifkb2h,2022-07-01 16:46:36
c4ejyhs4qg4m,9pxjqea29hfh,0u0zo7ythoc9,3mjxtazgoabi,2022-07-01 16:46:36
yuepl474w6dm,6kei6c6mdv4y,4ap9m4x1qexj,r8tz4osailf7,2022-07-01 16:46:36
bw92e5i9ceap,ysb8h5xpxasu,kk6v51g3xjnt,9dgxt2lykkw0,2022-07-01 16:46:36
lzt07gsj4zud,n86lx3ha5xf0,msdoldhltvaq,b3pfryynurbn,2022-07-01 16:46:36
hbpaevhucefp,j5eus2pzjspu,bgjxe2tbbhjm,g5l0s3o2gxgh,2022-07-01 16:46:36
osu6xkoaozvq,vz7iamfio02i,gfagragbju28,lrousfv80v1d,2022-07-01 16:46:36
8p6meen3wb95,mmymq2ka9g0w,hrzl8vgoel8p,1pr81duwy0gp,2022-07-01 16:46:36
68q2oe4oaqme,hovxgnv0wagx,ztqepogxyuqy,lfi7sx93b436,2022-07-01 16:46:36
2j82o0j1lgov,umm8s31iyzzy,z3h1e7ymva06,0ghrr8el4gcj,2022-07-01 16:46:36
r40cydkxylc3,fpv6khoapmex,6shospfz7mao,6ugsbe7yz5r2,2022-07-01 16:46:36
24ubf5rao68m,aq38f3t4uwvg,ie0334v5clgm,14x5ywpvrxwk,2022-07-01 16:46:36
zgr7s5rr1wbp,y24x41f471pk,d5sixj8d685n,gb1bj9cw4o2d,2022-07-01 16:46:36
ghkwl9t55wn0,2jz1oncwrvg4,04gerzi6tr5o,fcw400uvhgkj,2022-07-01 16:46:36
ajrjkq45xiwe,40sewbquxdbv,b4obg0ee52rh,1sdz4ai5farq,2022-07-01 16:46:36
53dr689faste,d37abotj5f9b,vhgocobdyteq,u3g1mix0zkpk,2022-07-01 16:46:36
k38c6xcac9o9,3iyf5dw6ow63,8txngmiq461o,7b89p9qn5gnu,2022-07-01 16:46:36
sfk8z8ir8tbq,pk9eubtqhvko,4evwrfz5ajzq,iq6d2hys7lx9,2022-07-01 16:46:36
vdpul7m5k6th,5fiw8dte4tzp,bmbivf2upmoe,r1erdnt88jfb,2022-07-01 16:46:36
w01qode5kln6,bhbnu3t4z4k3,kl4241v2spvm,w8rlg4m1g01e,2022-07-01 16:46:36
ybtvugnrkd04,i7gmldz38qra,xx49dh18tu1v,o07osa3p9vi2,2022-07-01 16:46:36
3zad9jrdvpg4,kf67q0o8mi2a,pz8atamgmq32,yti1sopfh0tc,2022-07-01 16:46:36
ob52grnzvyc9,x784zzgx58jn,dmgc7uhz2hz7,fmyd65ghu9rq,2022-07-01 16:46:36
vp6zrl2t6cxq,ofcgiovifas1,ikkifn8qkzmb,5q0wk490bagj,2022-07-01 16:46:36
dxc6e8oad20q,mi2wnd5f666b,7xzxwwo8uuic,6jbt7m7co3nu,2022-07-01 16:46:36
7t9xrl12pgrh,g2q4mkosrvhb,d8ndnxj1n126,x939ud3t6yav,2022-07-01 16:46:36
8sfyz3huw8qd,lcjcsojd7hcy,65m105jrvses,rg1nfto0lwyi,2022-07-01 16:46:36
2xqzq9dqbkby,dc9a9pghqjxt,amcornfig919,2m1htuzvyhbs,2022-07-01 16:46:36
cahm6u546sv2,dtp8m8rh0yy5,9kekbq394mie,a4acvrxyvkoj,2022-07-01 16:46:36
lejr7uw6slwe,qu0ofheb995t,xmpguhkxfcxj,5wuul6ooeaqk,2022-07-01 16:46:36
x4rwdurs6huh,11fsmazaeiry,36z3cufj2ryj,grqa56vxz1vo,2022-07-01 16:46:36
nel8mp409zwx,cnhouxsk52vb,72gtlixsrb6w,wrspuodx2csg,2022-07-01 16:46:36
r54gqtisdso0,hg3rj1sg1sot,y2bdizgv8317,iq1h5zgmp92p,2022-07-01 16:46:36
el790th5y1ze,hpals2bd92rv,3dt6vdodjqti,c1a7jp9r00xf,2022-07-01 16:46:36
px4ncdqbfs9t,wlj7t7vnpyhh,rnevxiyno51e,k6uvatzf0p8c,2022-07-01 16:46:36
p1h6cn28b0yw,oqffuzd60oqf,hy2p0yydkwv0,ygrp3cw2b8mn,2022-07-01 16:46:36
byccwyfobw1m,l2d15akuykd9,0f8ldpyp053l,zu3be1nuoopm,2022-07-01 16:46:36
zwxwxes4ewqu,4hl6ru1ywuo3,6gtspd6w3nu6,ppnj6j8gmqd6,2022-07-01 16:46:36
dmtl1wrkdar0,cj7sqy76vckb,dzyzi2qpfq2u,lokfebc81n4k,2022-07-01 16:46:36
in7cfbfq877n,6x08rwlq18hk,m2gxeszx5f1f,4qjr50cbdhgv,2022-07-01 16:46:36
4g5ti1aj9yp9,xudn78m9golm,3dwfigejk2u2,idhcfqvumix7,2022-07-01 16:46:36
mczgy76atscw,e66ly74zp4qa,svpiscrwy2eg,0txb359m3zmv,2022-07-01 16:46:36
qc0fokpvvzr5,94lvpn8b5ltm,hj86fhzxix87,02lr6iygczkz,2022-07-01 16:46:36
skhzd4l3ppro,tu1ss6qzggeo,3qiboa4bqjxm,v4vddjcvqy2b,2022-07-01 16:46:36
tun83aac5idq,4y61lh22s2hi,gf1rlo6s4mro,33hvawc4se9e,2022-07-01 16:46:36
e6h8491rxdzm,fi8h71v048km,fq037mejybo5,rnsrw86b6hyt,2022-07-01 16:46:36
1l1tzl2zgkb4,spefoomi0uo2,qf9y0bjz85pz,zxmt9kqq41c5,2022-07-01 16:46:36
1w4we3e70efz,hd57eydj6son,cwxcehsf5ku4,4bz73avxni62,2022-07-01 16:46:36
5oyc80o66zbk,b8qmcpyki6g8,g2njt27v3hil,68bw1ht0ig5d,2022-07-01 16:46:36
douc0tc2ne6o,dbsxu06s5omz,hxjtb6duwnf6,041odg71xjxh,2022-07-01 16:46:36
53d96kc87lf2,uugb6md3srmn,z6ind2d5ydf8,7pmt6twoi5si,2022-07-01 16:46:36
zr5ardw7u7tb,vsqi86wqbbhp,i3dx7cbpqr6h,mch8v639q5u8,2022-07-01 16:46:36
gdkb6eldtfi6,mqd9l7886c5r,irvcc8yawxn1,4wrrx8cyie9y,2022-07-01 16:46:36
jwwrx83pmvpo,ebb8ffty74ra,6ylw5ztdj4f4,lmpfwx1bn48n,2022-07-01 16:46:36
usivtvwkwp4b,idsgxkmseyr9,wduloocsqf3t,yj8987cazvy4,2022-07-01 16:46:36
haptbo0x1u4x,qm2uo5pdf9xm,iho1w8cu0dgq,kwgbtq46h83x,2022-07-01 16:46:36
8h48v3mhj6lf,84pu7rrwes7n,0g2vhxmp507g,dmnr3qm87bns,2022-07-01 16:46:36
twyxf82ux4wt,nf5tfbxianig,j5c8sa4cj6pw,eq7o4qm40zw0,2022-07-01 16:46:36